"Question","Answer"
"What are the store's operating hours?","The store is open Monday to Friday from 9:00 AM to 8:00 PM, Saturday from 10:00 AM to 6:00 PM, and Sunday from 11:00 AM to 5:00 PM."
"Is the store open on holidays?","The store is open on most holidays except Thanksgiving, Christmas Day, and New Year's Day. Reduced hours may apply on other holidays; please check our website for details."
"Where is the store located?","The store is located at 123 Main Street, Anytown, USA, ZIP code 12345."
"Does the store offer online shopping?","Yes, online shopping is available at www.storewebsite.com with shipping options across the USA."
"What types of products does the store sell?","We sell electronics, clothing, home goods, groceries, and seasonal items."
"Are there any discounts available?","Yes, we offer weekly discounts on select items and a 10% discount for loyalty program members."
"How can I join the loyalty program?","You can join the loyalty program by signing up on our website or in-store at the customer service desk."
"What is the return policy?","Items can be returned within 30 days of purchase with a receipt, in original condition, for a full refund or exchange."
"Can I return an item without a receipt?","Returns without a receipt may be accepted for store credit at the current selling price, subject to manager approval."
"Does the store offer gift cards?","Yes, gift cards are available in denominations of $10, $25, $50, and $100, purchasable in-store or online."
"Is there a warranty on electronics?","Most electronics come with a one-year manufacturer's warranty. Extended warranties are available for purchase."
"What payment methods are accepted?","We accept cash, credit/debit cards (Visa, MasterCard, Amex), mobile payments (Apple Pay, Google Pay), and gift cards."
"Does the store offer home delivery?","Yes, home delivery is available for online orders within a 50-mile radius of the store for a fee of $5-$15 based on order size."
"Is in-store pickup available for online orders?","Yes, in-store pickup is available for online orders. Select 'Pick Up' at checkout and collect within 2 days."
"Are there any shipping fees for online orders?","Shipping fees vary: free for orders over $50, otherwise $5.99 for standard shipping."
"How long does shipping take?","Standard shipping takes 3-7 business days, expedited shipping takes 1-3 business days."
"Can I track my online order?","Yes, a tracking link is sent to your email once the order ships."
"What is the store's contact number?","You can reach us at (555) 123-4567, Monday to Friday, 8:00 AM to 6:00 PM."
"Is there a customer service email?","Yes, contact us at support@storewebsite.com. We respond within 24-48 hours."
"Does the store offer price matching?","Yes, we match prices from major competitors with proof of the lower price, in-store or online."
"Are there any current promotions?","Check our website or in-store flyers for current promotions, updated weekly."
"Can I reserve an item in-store?","Yes, items can be reserved online or by calling the store for up to 24 hours."
"Does the store sell organic products?","Yes, we have a dedicated organic section for groceries, including produce, dairy, and packaged goods."
"Are there vegan-friendly products?","Yes, we stock vegan-friendly foods, cosmetics, and household items in our specialty aisle."
"Does the store offer repair services for electronics?","Yes, we offer repair services for select electronics. Contact customer service for details."
"Is there a bulk purchase discount?","Yes, bulk purchases over $200 receive a 5% discount; contact our team for orders over $500."
"Are pets allowed in the store?","Service animals are welcome. Non-service pets are not allowed, except in our outdoor patio area."
"Does the store have a parking lot?","Yes, we have a free parking lot with 100 spaces, including accessible parking near the entrance."
"Is there a restroom in the store?","Yes, restrooms are available for customers near the back of the store."
"Does the store offer gift wrapping?","Yes, gift wrapping is available for $2.99 per item at the customer service desk."
"Can I place a special order for an item not in stock?","Yes, special orders can be placed for select items. Contact customer service for availability and pricing."
"Are there any job openings at the store?","Check our website's careers page for current job openings and application instructions."
"Does the store host events or workshops?","Yes, we host monthly workshops on topics like cooking and DIY. Check our website for the schedule."
"Is there a student discount?","Yes, students with a valid ID receive a 5% discount on regular-priced items."
"Does the store offer layaway?","Yes, layaway is available for purchases over $100 with a 10% down payment, payable within 90 days."
"What brands of clothing are sold?","We carry brands like Levi's, Nike, Adidas, and our in-house brand, StoreStyle."
"Are there gluten-free products available?","Yes, we have a range of gluten-free foods in our grocery section."
"Does the store have a pharmacy?","No, we do not have a pharmacy, but we sell over-the-counter medications."
"Can I get a refund for a clearance item?","Clearance items are final sale and not eligible for refunds, but exchanges may be possible within 7 days."
"Is there a loyalty points system?","Yes, earn 1 point per $1 spent. Redeem 100 points for a $5 discount."
"How do I check my loyalty points balance?","Check your points balance online at www.storewebsite.com or at the in-store kiosk."
"Does the store offer curbside pickup?","Yes, curbside pickup is available for online orders. Select 'Curbside' at checkout and call upon arrival."
"Are there eco-friendly products available?","Yes, we stock eco-friendly cleaning products, reusable bags, and sustainable clothing."
"Does the store have a mobile app?","Yes, download our app from the App Store or Google Play for exclusive deals and order tracking."
"What is the store's policy on damaged items?","Damaged items can be returned within 30 days for a refund or replacement with a receipt."
"Are there any age restrictions for purchasing certain items?","Yes, certain items like spray paint and electronics may have age restrictions per local laws."
"Does the store offer free Wi-Fi?","Yes, free Wi-Fi is available in-store; connect to 'StoreGuest' with no password required."
"Can I use multiple coupons on one purchase?","No, only one coupon per purchase is allowed, unless otherwise stated in the coupon terms."
"Is there a senior discount?","Yes, seniors aged 65+ receive a 10% discount every Wednesday."
"Does the store sell furniture?","Yes, we sell small furniture items like chairs, tables, and shelves in our home goods section."
"Can I get a rain check for out-of-stock sale items?","Yes, rain checks are issued for out-of-stock sale items, valid for 30 days."
"Does the store offer installation services?","Yes, installation services are available for select appliances. Contact customer service for details."
"Are there any restrictions on bulk purchases?","Some items may have purchase limits during sales; check with staff for details."
"Does the store have a lost and found?","Yes, lost and found items are held at the customer service desk for 30 days."
"Can I buy items in bulk for resale?","Yes, contact our wholesale team at wholesale@storewebsite.com for bulk resale inquiries."
"Is there a dress code for the store?","No formal dress code, but shirts and shoes are required for entry."
"Does the store offer financing options?","Yes, financing is available for purchases over $300 through our partner, StoreCredit."
"Are there any seasonal items available?","Yes, seasonal items like holiday decorations are available in-store and online."
"Can I return an online purchase in-store?","Yes, online purchases can be returned in-store with the order confirmation email."
"Does the store have a rewards credit card?","Yes, our StoreRewards card offers 5% cashback on purchases. Apply online or in-store."
"Is there a limit on cash payments?","No limit on cash payments, but large transactions may require ID verification."
"Does the store sell pet supplies?","Yes, we carry pet food, toys, and accessories in our pet care section."
"Are there any in-store cafes or food options?","Yes, our caf√© offers coffee, sandwiches, and snacks, open during store hours."
"Does the store offer assembly services for furniture?","Yes, assembly services are available for furniture purchases for an additional fee."
"Can I get a refund for an opened item?","Opened items may be refunded if defective or within 14 days, subject to inspection."
"Is there a military discount?","Yes, active military and veterans receive a 10% discount with valid ID."
"Does the store sell gift baskets?","Yes, pre-made and customizable gift baskets are available in-store."
"Can I cancel an online order?","Online orders can be canceled before shipping by contacting support@storewebsite.com."
"Are there any product recalls?","Check our website or the customer service desk for current recall information."
"Does the store offer free samples?","Free samples are offered during promotional events; check our event calendar."
"Is there a limit on returns per year?","No limit on returns, but frequent returns may be reviewed for abuse."
"Does the store have a recycling program?","Yes, we recycle electronics and batteries at our in-store recycling station."
"Can I use a gift card online?","Yes, gift cards can be used online by entering the card number at checkout."
"Are there any fees for returns?","No fees for returns within policy, but return shipping for online orders may apply."
"Does the store offer personal shopping services?","Yes, personal shopping is available by appointment; call to schedule."
"Is there a kids' section in the store?","Yes, we have a kids' section with toys, clothing, and books."
"Can I get a discount for damaged packaging?","Damaged packaging may qualify for a discount at the manager's discretion."
"Does the store have security measures?","Yes, we have CCTV and security personnel to ensure a safe shopping environment."
"Are there any membership fees for the loyalty program?","No, the loyalty program is free to join."
"Does the store sell sports equipment?","Yes, we carry sports equipment like bikes, weights, and athletic wear."
"Can I request a product demonstration?","Yes, product demonstrations are available for select items; ask in-store for details."
"Is there a limit on gift card purchases?","No limit, but large gift card purchases may require ID verification."
"Does the store offer charitable donations?","Yes, we support local charities through product donations and events."
"Are there any restrictions on using coupons?","Coupons cannot be combined with other offers unless specified."
"Does the store have a mobile payment app?","Yes, our app supports mobile payments for faster checkout."
"Can I return a gift without a receipt?","Gifts without a receipt may be exchanged for store credit at the current price."
"Is there a warranty on clothing?","Clothing is covered for manufacturing defects within 30 days of purchase."
"Does the store offer free shipping for loyalty members?","Loyalty members get free shipping on orders over $25."
"Are there any age-specific discounts?","Yes, we offer student, senior, and military discounts with valid ID."
"Does the store have a mobile website?","Yes, our website is mobile-friendly at www.storewebsite.com."
"Can I get a refund for a gift card?","Gift cards are non-refundable, except where required by law."
"Is there a limit on loyalty points redemption?","No limit, but points expire after one year of inactivity."
"Does the store offer product customization?","Yes, customization is available for select items like apparel and gifts."
"Are there any safety protocols in the store?","Yes, we follow local health guidelines, including sanitization and capacity limits."
"Does the store sell international products?","Yes, we carry a selection of international foods and goods in our global aisle."
"Can I get a discount for buying in bulk online?","Yes, online bulk orders over $200 qualify for a 5% discount."
"Is there a customer feedback program?","Yes, share feedback on our website or at the in-store kiosk for a chance to win a gift card."